"id_publicacao","link_permanente","status_messagem",status_type,Países,Idiomas,status_publicado,"Direcionamento do público","total_publicacao","Vitalício: alcance orgânico da publicação","Vitalício: alcance pago da publicação","Vitalício: total de impressões da publicação","Vitalício: impressões orgânicas da publicação","Vitalício: impressões pagas da publicação","Vitalício: usuários envolvidos","num_pub_corres","Vitalício: consumos de direcionamento do público com correspondência na publicação","Vitalício: comentários negativos dos usuários","Vitalício: feedback negativo","Vitalício: impressões da publicação por pessoas que curtiram sua Página","Vitalício: alcance da publicação por pessoas que curtiram sua Página","Vitalício: impressões pagas da publicação por pessoas que curtiram sua Página","Vitalício: alcance pago de uma publicação por pessoas que curtiram sua Página","Vitalício: pessoas que curtiram sua Página e se envolveram com a sua publicação","Vitalício: visualizações até 95% orgânicas","Vitalício: visualizações até 95% orgânicas","Vitalício: visualizações até 95% pagas","Vitalício: visualizações até 95% pagas","Vitalício: visualizações do vídeo orgânicas","Vitalício: visualizações do vídeo orgânicas","Vitalício: visualizações do vídeo pagas","Vitalício: visualizações do vídeo pagas","Vitalício: tempo médio de visualização do vídeo","Duração de vídeo vitalícia","num_likes","num_shares","num_comments","Vitalício: histórias da publicação por tipo de ação - like","Vitalício: histórias da publicação por tipo de ação - share","Vitalício: histórias da publicação por tipo de ação - comment","num_other_cliks","num_photo_view","num_link_clicks","num_video_play","Consumos de direcionamento para público correspondente vitalício por tipo - other clicks","num_photo_view","Consumos de direcionamento para público correspondente vitalício por tipo - link clicks","Consumos de direcionamento para público correspondente vitalício por tipo - video play","Vitalício: comentários negativos de usuários por tipo - hide_all_clicks","Vitalício: comentários negativos de usuários por tipo - hide_clicks","Vitalício: feedback negativo por tipo - hide_all_clicks","Vitalício: feedback negativo por tipo - hide_clicks"
218725464821904_1991554060872360,https://www.facebook.com/faculdadecn/posts/1991554060872360,,Photo,,,"03/28/2018 05:00:00 AM"," ",190,190,0,267,267,0,1,0,0,0,0,233,161,0,0,1,0,0,0,0,0,0,0,0,0,0,1,,,1,,,,,,,,,,,,,,
218725464821904_1992921624068937,https://www.facebook.com/faculdadecn/posts/1992921624068937,"Vamos viver o perdão ! Marque nos comentários aquele amigo.",Photo,,,"03/27/2018 02:30:00 PM"," ",184,184,0,267,267,0,15,8,15,0,0,210,142,0,0,13,0,0,0,0,0,0,0,0,0,0,8,1,,8,1,,1,8,,,3,12,,,,,,
218725464821904_1991585970869169,https://www.facebook.com/faculdadecn/posts/1991585970869169,"- COMUNICADO -
No dia 16/04/18 haverá misa de aula inaugural do Curso de Administração, será no auditório São Paulo às 18h20min. 
Neste dia não haverá a missa das 17h45min na Capela do Instituto.",Status,,,"03/26/2018 09:45:47 AM"," ",223,223,0,347,347,0,6,3,4,0,0,313,196,0,0,6,0,0,0,0,0,0,0,0,0,0,3,,,3,,,2,1,,,3,1,,,,,,
218725464821904_1991553797539053,https://www.facebook.com/faculdadecn/posts/1991553797539053,,Photo,,,"03/26/2018 09:13:53 AM"," ",276,276,0,402,402,0,9,7,8,0,0,330,218,0,0,9,0,0,0,0,0,0,0,0,0,0,4,1,,4,1,,2,5,,,3,5,,,,,,
218725464821904_2018207031540396,https://www.facebook.com/faculdadecn/posts/1991553594205740,"Foto da capa de ",Photo,,,"03/26/2018 09:13:38 AM"," ",337,337,0,519,519,0,21,11,11,0,0,397,238,0,0,13,0,0,0,0,0,0,0,0,0,0,10,2,1,11,2,1,2,9,,,2,9,,,,,,
218725464821904_1987107287983704,https://www.facebook.com/faculdadecn/posts/1987107287983704,"Terceiro dia de Simpósio: Como defender a verdade nas mídias sociais.
http://www.fcn.edu.br/blog/2018/03/22/terceiro-dia-de-simposio-como-defender-a-verdade-nas-midias-sociais/",Link,,,"03/22/2018 12:25:15 PM"," ",279,279,0,390,390,0,16,9,9,0,0,262,186,0,0,11,0,0,0,0,0,0,0,0,0,0,10,2,,10,2,,2,2,5,,2,2,5,,,,,
218725464821904_1985585748135858,https://www.facebook.com/faculdadecn/posts/1985585748135858,"Perdeu a transmissão ao vivo do 6º Simpósio Fé e Razão?
Acompanhe todos os dias de evento pelo youtube!
http://www.fcn.edu.br/blog/2018/03/20/transmissao-do-6o-simposio-fe-e-razao/",Link,,,"03/22/2018 05:04:00 AM"," ",174,174,0,255,255,0,1,1,1,0,0,205,143,0,0,1,0,0,0,0,0,0,0,0,0,0,,,,,,,1,,,,1,,,,,,,
218725464821904_1986010928093340,https://www.facebook.com/faculdadecn/posts/1986010928093340,"Acompanhe a matéria do segundo dia do Simpósio Fé e Razão!
http://www.fcn.edu.br/blog/2018/03/21/segundo-dia-de-simposio-a-necessidade-de-dialogar-fe-e-razao/",Link,,,"03/21/2018 12:43:51 PM"," ",855,855,0,1360,1360,0,38,18,24,0,0,512,296,0,0,18,0,0,0,0,0,0,0,0,0,0,23,7,,33,8,,12,,8,,16,,8,,,,,
218725464821904_1986976127996820,https://www.facebook.com/faculdadecn/posts/1986977587996674,"Terceiro dia do 6° Simpósio Fé e Razão",Photo,,,"03/21/2018 08:00:00 AM"," ",315,315,0,437,437,0,41,39,80,0,0,402,288,0,0,40,0,0,0,0,0,0,0,0,0,0,5,,,5,,,9,38,,,36,44,,,,,,
218725464821904_1985651391462627,https://www.facebook.com/faculdadecn/posts/1985651391462627,"Segunda parte - Terceiro dia do 6° Simpósio Fé e Razão
https://www.youtube.com/watch?v=joXpZg7kfE4",Link,,,"03/21/2018 06:14:28 AM"," ",183,183,0,283,283,0,10,7,7,0,0,236,158,0,0,10,0,0,0,0,0,0,0,0,0,0,5,,1,5,,1,2,,5,,2,,5,,,,,
218725464821904_1985577798136653,https://www.facebook.com/faculdadecn/posts/1985577798136653,"Acompanhe a transmissão ao vivo do último dia do nosso 6° Simpósio Fé e Razão!
https://www.youtube.com/watch?v=AcCUNt8mMvo",Link,,,"03/21/2018 04:44:23 AM"," ",134,134,0,208,208,0,4,1,1,0,0,152,103,0,0,4,0,0,0,0,0,0,0,0,0,0,4,,1,4,,2,,,1,,,,1,,,,,
218725464821904_1985522754808824,https://www.facebook.com/faculdadecn/posts/1985522754808824,"Hoje é o último dia do 6° Simpósio Fé e Razão, acompanhe o evento ao vivo pelas nossas redes sociais!",Photo,,,"03/21/2018 03:31:09 AM"," ",228,228,0,316,316,0,3,1,1,0,0,176,127,0,0,2,0,0,0,0,0,0,0,0,0,0,2,1,,2,1,,,1,,,,1,,,,,,
218725464821904_1984863684874731,https://www.facebook.com/faculdadecn/posts/1984863684874731,"Segundo dia - 6° Simpósio Fé e Razão",Photo,,,"03/20/2018 12:30:50 PM"," ",334,334,0,486,486,0,32,30,38,0,0,438,301,0,0,31,0,0,0,0,0,0,0,0,0,0,2,,,2,,,3,29,,,3,35,,,,,,
218725464821904_1984851978209235,https://www.facebook.com/faculdadecn/posts/1984851978209235,"Já está disponível no portal FCN a matéria sobre o primeiro dia do 6° Simpósio Fé e Razão. Confira!
http://www.fcn.edu.br/blog/2018/03/20/faculdade-cancao-nova-abre-6o-simposio-fe-e-razao/",Link,,,"03/20/2018 12:15:12 PM"," ",177,177,0,278,278,0,7,3,3,0,0,240,151,0,0,7,0,0,0,0,0,0,0,0,0,0,5,,,5,,,1,1,1,,1,1,1,,,,,
218725464821904_1984476644913435,https://www.facebook.com/faculdadecn/posts/1984476644913435,"Segunda parte - 2° dia de Transmissão ao vivo do 6° Simpósio Fé e Razão

https://www.youtube.com/watch?v=XKXkkeTaZ3c",Link,,,"03/20/2018 06:35:32 AM"," ",203,203,0,311,311,0,12,4,5,0,0,251,158,0,0,11,0,0,0,0,0,0,0,0,0,0,8,1,,10,1,,1,2,2,,1,2,2,,,,,
218725464821904_1984426304918469,https://www.facebook.com/faculdadecn/posts/1984426304918469,,Photo,,,"03/20/2018 05:41:53 AM"," ",272,272,0,462,462,0,12,8,10,0,0,280,170,0,0,7,0,0,0,0,0,0,0,0,0,0,4,1,,7,4,,3,7,,,3,7,,,,,,
218725464821904_1984365498257883,https://www.facebook.com/faculdadecn/posts/1984365498257883,"Confira o segundo dia do 6° Simpósio Fé e Razão!
https://www.youtube.com/watch?v=mHZkKJZkDB4",Link,,,"03/20/2018 04:36:20 AM"," ",306,306,0,435,435,0,7,4,4,0,0,239,169,0,0,7,0,0,0,0,0,0,0,0,0,0,3,2,,3,2,,2,1,1,,2,1,1,,,,,
218725464821904_1983609225000177,https://www.facebook.com/faculdadecn/posts/1983609225000177,"6° Simpósio Fé e Razão - dia 19/03/2018",Photo,,,"03/19/2018 12:31:58 PM"," ",692,692,0,974,974,0,80,54,85,0,0,531,365,0,0,41,0,0,0,0,0,0,0,0,0,0,35,1,1,39,1,1,22,38,,,41,44,,,,,,
218725464821904_1983254228369010,https://www.facebook.com/faculdadecn/posts/1983254228369010,"Estamos transmitindo o evento 6° Simpósio Fé e Razão ao vivo, acompanhe!

https://www.youtube.com/watch?v=01qZrtOUCvk",Link,,,"03/19/2018 06:02:44 AM"," ",278,278,0,410,410,0,13,6,7,0,0,251,164,0,0,9,0,0,0,0,0,0,0,0,0,0,7,1,,7,1,,1,1,4,,1,1,5,,,,,
218725464821904_1983210461706720,https://www.facebook.com/faculdadecn/posts/1983210461706720,"Transmissão da Santa Missa - 6° Simpósio Fé e Razão

https://www.youtube.com/watch?v=yPrbbZrWexE",Link,,,"03/19/2018 05:14:43 AM"," ",355,355,0,528,528,0,15,5,6,0,0,284,190,0,0,11,0,0,0,0,0,0,0,0,0,0,12,1,1,12,1,1,1,1,3,,1,1,4,,,,,
218725464821904_1983124385048661,https://www.facebook.com/faculdadecn/posts/1983124385048661,"É HOJE!! Não deixe de acompanhar as nossas redes sociais. :)",Photo,,,"03/19/2018 03:27:26 AM"," ",307,307,0,420,420,0,7,2,3,0,0,228,156,0,0,4,0,0,0,0,0,0,0,0,0,0,5,2,,5,2,,,1,1,,,1,2,,,,,
218725464821904_1978698545491245,https://www.facebook.com/faculdadecn/videos/1978698545491245/,"O 6° Simpósio Fé e Razão está chegando!",Video,,,"03/15/2018 01:00:16 PM"," ",572,572,0,805,805,0,49,27,41,0,0,480,301,0,0,36,26,31,0,0,161,214,0,0,9931,73470,24,5,2,29,5,2,20,,,13,26,,,15,,,,
218725464821904_1978675345493565,https://www.facebook.com/faculdadecn/posts/1978675345493565,"Escola faz professores, médicos, policiais e políticos...
Escola faz o futuro!",Photo,,,"03/15/2018 12:22:37 PM"," ",317,317,0,473,473,0,24,5,5,0,0,397,255,0,0,22,0,0,0,0,0,0,0,0,0,0,21,2,2,21,2,2,4,1,,,4,1,,,,,,
218725464821904_1974671265893973,https://www.facebook.com/faculdadecn/posts/1974671265893973,"O evento também será transmitido pelas redes sociais da Faculdade Canção Nova. Acompanhe e participe!",Photo,,,"03/15/2018 04:31:00 AM"," ",157,157,0,221,221,0,4,0,0,0,0,191,135,0,0,4,0,0,0,0,0,0,0,0,0,0,4,,,4,,,,,,,,,,,,,,
218725464821904_1977423388952094,https://www.facebook.com/faculdadecn/posts/1977423388952094,"Que tal escrever uma poesia para quem você gosta? 
Marque nos comentários alguém que ficará muito feliz em ser lembrado por você!",Photo,,,"03/14/2018 02:00:01 PM"," ",188,188,0,297,297,0,12,7,10,0,0,235,141,0,0,12,0,0,0,0,0,0,0,0,0,0,5,2,2,5,2,2,4,4,,,5,5,,,,,,
218725464821904_1967813569913076,https://www.facebook.com/faculdadecn/posts/1967813569913076,,Photo,,,"03/14/2018 08:00:00 AM"," ",139,139,0,212,212,0,2,0,0,0,0,180,119,0,0,2,0,0,0,0,0,0,0,0,0,0,2,,,2,,,,,,,,,,,,,,
218725464821904_1977008718993561,https://www.facebook.com/faculdadecn/posts/1977008718993561,"Você está no 7º período?
Tá se preparando para o TCC?
Já vai se formar?

Essa oficina é pra você.
Se inscreva até quinta-feira, dia 15/03 na coordenação do seu curso.",Photo,,,"03/14/2018 06:00:00 AM"," ",271,271,0,438,438,0,24,14,18,0,0,325,197,0,0,20,0,0,0,0,0,0,0,0,0,0,12,1,2,13,1,2,9,5,,,12,6,,,,,,
218725464821904_1974670635894036,https://www.facebook.com/faculdadecn/posts/1974670635894036,,Photo,,,"03/14/2018 04:31:00 AM"," ",124,124,0,184,184,0,4,1,1,0,0,156,104,0,0,4,0,0,0,0,0,0,0,0,0,0,3,,,3,,,,1,,,,1,,,,,,
218725464821904_1976289652398801,https://www.facebook.com/faculdadecn/posts/1976289652398801,,Photo,,,"03/13/2018 02:00:00 PM"," ",205,205,0,293,293,0,17,3,3,0,0,254,177,0,0,17,0,0,0,0,0,0,0,0,0,0,15,2,,17,2,,,3,,,,3,,,,,,
218725464821904_1976162489078184,https://www.facebook.com/faculdadecn/posts/1976162489078184,"Curso Livre de Latim 2018, com o professor Clives Sanches 📝📚 #aula #latim #cancaonova #faculdadecn",Photo,,,"03/13/2018 09:45:07 AM"," ",542,542,0,753,753,0,63,41,47,0,0,460,315,0,0,47,0,0,0,0,0,0,0,0,0,0,27,2,1,28,2,1,10,33,,,12,35,,,,,,
218725464821904_1975871825773917,https://www.facebook.com/faculdadecn/posts/1975871825773917,"Tá esperando o que para concorrer a sua bolsa? 😉

http://www.fcn.edu.br/blog/2018/03/08/programa-escola-da-familia/",Link,,,"03/13/2018 08:00:00 AM"," ",198,198,0,301,301,0,12,6,6,0,0,264,174,0,0,11,0,0,0,0,0,0,0,0,0,0,6,,1,6,,1,2,,4,,2,,4,,,,,
218725464821904_1974670239227409,https://www.facebook.com/faculdadecn/posts/1974670239227409,"Programação do 6° Simpósio Fé e Razão!
Inscreva-se: https://extensao.fcn.edu.br/simposio/vi-simposio-fe-e-razao-20-anos-depois-da-enciclica-fides-et-ratio/",Photo,,,"03/13/2018 04:30:00 AM"," ",286,286,0,417,417,0,12,9,10,0,0,254,171,0,0,11,0,0,0,0,0,0,0,0,0,0,3,1,1,3,1,1,3,6,,,3,7,,,,,,
218725464821904_1974667342561032,https://www.facebook.com/faculdadecn/posts/1974667342561032,"A Faculdade Canção Nova promove o VI Simpósio Fé e Razão, com a temática: Vinte anos depois da Encíclica Fides et Ratio.
A escolha do tema está articulada a comemoração do segundo decênio da publicação da Encíclica de S. João Paulo II, em cujo documento são ressaltados o papel e a importância seja da Filosofia, como da Teologia. O objetivo é apresentar o conteúdo da encíclica, como também ao mesmo tempo, o grande exemplo de diálogo entre fé e razão realizado por S. Tomás de Aquino e a necessidade deste diálogo continuar nos dias atuais, especialmente no campo dos meios de comunicação.

O Simpósio acontece de 19 a 21 de março de 2018, no período da manhã. A programação do primeiro dia é aberta ao público e acontece no Auditório São Paulo, na sede da Comunidade Canção Nova, em Cachoeira Paulista-SP. Para os outros dois dias as vagas são limitadas e a participação deve ser garantida por meio de inscrição no link abaixo.

OBS: alunos dos cursos de Filosofia e Teologia da Faculdade Canção Nova não precisam se inscrever no evento.

O evento também será transmitido pelas redes sociais da Faculdade Canção Nova. Acompanhe e participe!

Inscrições: até 15 de março.

Link inscrição: https://extensao.fcn.edu.br/…/vi-simposio-fe-e-razao-20-an…/",Photo,,,"03/12/2018 08:00:00 AM"," ",453,453,0,645,645,0,33,15,18,0,0,436,296,0,0,28,0,0,0,0,0,0,0,0,0,0,20,1,,21,1,,14,3,,,15,3,,,,,,
218725464821904_1969791239715309,https://www.facebook.com/faculdadecn/posts/1969791239715309,"A Faculdade Canção Nova promove, no período de 13 de março a 19 de junho, o curso livre de LATIM, ministrado pelo Prof. Clives Sanches. O curso, com duração de 20h, é dividido em dois módulos, sendo o I módulo nas seguintes datas:

1º semestre de 2018:   

 13 e 20 de março

10, 17 e 24 de abril

08, 15 e 22 de maio

12 e 19 de junho

Horário: 13h30 às 15h30.

As inscrições podem ser realizadas até o dia 12 de março preenchendo a ficha de Inscrição. As vagas são limitadas.

Investimento: Alunos/Ex-alunos/Missionários/Colaboradores da FCN, Instituto Canção Nova e FJPII: gratuito

Público externo: R$ 50,00

As atividades de extensão universitária são ótimas oportunidades de acesso ao conhecimento e qualificação. Participe!

Inscrição: https://extensao.fcn.edu.br/curso/curso-livre-de-latim-2018-modulo/",Link,,,"03/12/2018 05:19:00 AM"," ",136,136,0,206,206,0,5,5,5,0,0,170,115,0,0,5,0,0,0,0,0,0,0,0,0,0,,,,,,,5,,,,5,,,,,,,
218725464821904_1974707472557019,https://www.facebook.com/faculdadecn/posts/1974707472557019,"Foto da capa de ",Photo,,,"03/12/2018 05:07:06 AM"," ",190,190,0,273,273,0,11,7,9,0,0,239,168,0,0,10,0,0,0,0,0,0,0,0,0,0,5,1,,5,1,,2,5,,,2,7,,,,,,
218725464821904_1969792489715184,https://www.facebook.com/faculdadecn/posts/1969792489715184,"PROGRAMAÇÃO DO CURSO DE LATIM

I- Leitura e tradução: far-se-ão com a maior freqüência possível utilizando-se textos fáceis e graduados: provérbios, frases sentenciosas, pequenos excertos de prosa latina.

II- Gramática: Com apoio nos textos, tratar-se-á da seguinte matéria:

A frase latina: confronto de construções portuguesas e construções latinas, equivalentes pelo sentido.
O alfabeto e a pronúncia: vogais e consoantes: ditongos e grupos consonantais. A pronúncia chamada tradicional.
Prosódia: quantidade e acento.
Noções fundamentais de análise sintática, a propósito dos textos traduzidos, para conhecimento do valor e emprego dos casos.
Declinação dos substantivos, dos adjetivos qualificativos e dos possessivos.
A ordem das palavras.
Concordância do adjetivo e do aposto.
O verbo sum (ESSE) e as quatro conjugações regulares na voz ativa.

Inscrição: https://extensao.fcn.edu.br/curso/curso-livre-de-latim-2018-modulo/",Link,,,"03/10/2018 04:20:00 AM"," ",236,236,0,324,324,0,12,8,9,0,0,285,209,0,0,12,0,0,0,0,0,0,0,0,0,0,4,,,4,,,8,,1,,8,,1,,,,,
218725464821904_1969789383048828,https://www.facebook.com/faculdadecn/posts/1969789383048828,"As inscrições podem ser realizadas até o dia 12 de março!

http://www.fcn.edu.br/blog/2018/03/08/curso-livre-de-latim/",Link,,,"03/09/2018 04:17:00 AM"," ",241,241,0,347,347,0,20,12,13,0,0,253,182,0,0,19,0,0,0,0,0,0,0,0,0,0,8,1,2,8,1,2,7,,5,,8,,5,,,,,
218725464821904_1969787469715686,https://www.facebook.com/faculdadecn/posts/1969787469715686,"Inscrições: https://extensao.fcn.edu.br",Photo,,,"03/08/2018 01:00:00 PM"," ",243,243,0,355,355,0,12,8,13,0,0,165,108,0,0,9,0,0,0,0,0,0,0,0,0,0,3,2,,3,2,,5,3,2,,7,4,2,,,,,
218725464821904_1970125873015179,https://www.facebook.com/faculdadecn/posts/1970125873015179,"\o/ NOTÍCIA BOA!!! \o/

A Faculdade Canção Nova, sempre em busca de criar oportunidades para o nosso aluno, foi credenciada ao Programa Escola da Família do Governo do Estado de São Paulo. Essa iniciativa beneficiará o nosso aluno com bolsas de estudo, que por sua vez, com empenho e dedicação, atuará em ações para o desenvolvimento da comunidade local. Tá esperando o que para concorrer a sua bolsa? ;)

Acesse  http://escoladafamilia.fde.sp.gov.br/default.asp",Photo,,,"03/08/2018 09:26:31 AM"," ",6018,6018,0,8938,8938,0,517,434,547,0,0,1580,724,0,0,173,0,0,0,0,0,0,0,0,0,0,132,50,17,167,50,20,407,42,22,,476,45,26,,,,,
218725464821904_1969798989714534,https://www.facebook.com/faculdadecn/posts/1969798989714534,"Seja feliz! Feliz Dia Internacional da Mulher!",Photo,,,"03/08/2018 07:00:00 AM"," ",111,111,0,171,171,0,5,0,0,0,0,109,67,0,0,5,0,0,0,0,0,0,0,0,0,0,5,1,,5,1,,,,,,,,,,,,,
218725464821904_1967813309913102,https://www.facebook.com/faculdadecn/posts/1967813309913102,,Photo,,,"03/08/2018 04:00:00 AM"," ",90,90,0,137,137,0,2,1,1,0,0,94,67,0,0,2,0,0,0,0,0,0,0,0,0,0,1,,,1,,,1,,,,1,,,,,,,
218725464821904_1966545726706527,https://www.facebook.com/faculdadecn/posts/1966545726706527,,Photo,,,"03/05/2018 08:47:10 AM"," ",286,286,0,398,398,0,11,6,8,0,0,350,254,0,0,11,0,0,0,0,0,0,0,0,0,0,5,,,5,,,3,4,,,3,5,,,,,,
218725464821904_338575823321785,https://www.facebook.com/events/338575823321785/,"Palestrantes:  Anna Aryel Amaro da Silva - Especialista em Libras e Educação Inclusiva pelo Centro Universitário Barão de Mauá. 
Pe. Dr. Anderson Marçal Moreira - Doutor em Teologia pela
Universidade Pontifícia Salesiana de Roma
Marcius Tadeu Maciel Nahur -  Mestre em Direito pelo
Centro Universitário
Salesiano de São Paulo -
Unidade de Ensino de
Lorena (2007).",Status,,,"03/05/2018 06:52:56 AM"," ",457,457,0,651,651,0,1,0,0,0,0,606,430,0,0,0,0,0,0,0,0,0,0,0,0,0,,,,,,,,,,,,,,,,,,
218725464821904_1966284263399340,https://www.facebook.com/faculdadecn/posts/1966284263399340,"-AVISO-

Comunicamos que dia 06/03 - terça feira, teremos nossa missa mensal às 19h50min. Neste dia não haverá a missa das 17h45min.",Status,,,"03/05/2018 04:21:13 AM"," ",198,198,0,298,298,0,8,4,5,1,1,236,155,0,0,8,0,0,0,0,0,0,0,0,0,0,3,1,,3,1,,3,1,,,4,1,,,1,,1,
218725464821904_1965842830110150,https://www.facebook.com/faculdadecn/posts/1965842830110150,"Faculdade Canção Nova compartilhou um vídeo.",SharedVideo,,,"03/04/2018 06:13:10 PM"," ",192,192,0,281,281,0,7,5,8,0,0,239,169,0,0,7,0,0,0,0,34,37,0,0,0,78185,3,,,3,,,4,1,,,7,1,,,,,,
218725464821904_1961785043849262,https://www.facebook.com/faculdadecn/posts/1961785043849262,"Aula Inaugural dos cursos de #filosofia e #teologia da @faculdadecn 📚📝🙏🏼",Photo,,,"03/01/2018 05:37:45 AM"," ",550,550,0,797,797,0,64,53,82,0,0,669,455,0,0,62,0,0,0,0,0,0,0,0,0,0,17,,,17,,,14,52,,,22,60,,,,,,
218725464821904_1959462314081535,https://www.facebook.com/faculdadecn/posts/1959462314081535,"Ontem ocorreu a aula inaugural dos cursos de #jornalismo e #rádioetv 📚📝🙏🏼 #faculdadecn #cancaonova",Photo,,,"02/27/2018 03:30:34 AM"," ",791,791,0,1192,1192,0,114,95,147,1,1,1021,676,0,0,101,0,0,0,0,0,0,0,0,0,0,28,2,,28,2,,19,88,,,43,104,,,1,,1,
218725464821904_1953922077968892,https://www.facebook.com/faculdadecn/posts/1953922077968892,"Vamos falar sobre comunicação?

Aula inaugural dos cursos de Jornalismo e de Rádio e TV",Photo,,,"02/26/2018 04:00:00 AM"," ",525,525,0,762,762,0,21,10,11,1,1,425,276,0,0,13,0,0,0,0,0,0,0,0,0,0,12,2,,12,2,,6,4,,,7,4,,,1,,1,
218725464821904_1955163887844711,https://www.facebook.com/faculdadecn/posts/1955163887844711,"Calendário Acadêmico 2018.1",Photo,,,"02/23/2018 10:44:25 AM"," ",723,723,0,1000,1000,0,66,61,95,0,0,880,635,0,0,61,0,0,0,0,0,0,0,0,0,0,8,1,1,8,1,1,22,57,,,30,65,,,,,,
218725464821904_1953809977980102,https://www.facebook.com/faculdadecn/posts/1953809977980102,"- AVISO -

A Pastoral Universitária comunica que a partir de hoje, 22 de fevereiro retomamos as adorações de quinta -feira, como de costume a partir das 20h na Capela São Domingos Sávio.",Status,,,"02/22/2018 06:14:38 AM"," ",374,374,0,537,537,0,14,6,6,0,0,432,303,0,0,13,0,0,0,0,0,0,0,0,0,0,9,2,,9,2,,6,,,,6,,,,,,,
218725464821904_1953637827997317,https://www.facebook.com/faculdadecn/posts/1953637827997317,"Anote em sua agenda!",Photo,,,"02/22/2018 03:01:14 AM"," ",697,697,0,1074,1074,0,52,28,36,0,0,639,363,0,0,39,0,0,0,0,0,0,0,0,0,0,36,3,1,39,3,1,20,12,,,24,12,,,,,,
218725464821904_1953636967997403,https://www.facebook.com/faculdadecn/posts/1953636967997403,"Foto da capa de ",Photo,,,"02/22/2018 02:59:58 AM"," ",192,192,0,273,273,0,12,7,12,0,0,218,153,0,0,10,0,0,0,0,0,0,0,0,0,0,6,,,6,,,4,4,,,7,5,,,,,,
218725464821904_1951333861561047,https://www.facebook.com/faculdadecn/posts/1951333861561047,"- AVISO -

A Pastoral Universitária da Faculdade Canção Nova convida para o retorno das atividades do Grupo de Oração, hoje, às 20h, na Capela São Domingos Sávio.

Recordamos que o Grupo de Oração acontece às terças-feiras, a partir das 20h. Participe!",Status,,,"02/20/2018 06:06:01 AM"," ",362,362,0,515,515,0,7,2,3,0,0,399,275,0,0,6,0,0,0,0,0,0,0,0,0,0,5,1,,5,1,,2,,,,3,,,,,,,
218725464821904_1930394716988295,https://www.facebook.com/faculdadecn/posts/1930394716988295,"Comemorando os 40 anos da @cancaonova 🎉🙏🏼🎂 VIVA! #cancaonova #faculdadecn #40anos",Photo,,,"02/02/2018 06:45:54 AM"," ",1193,1193,0,1721,1721,0,110,86,150,0,0,1430,971,0,0,101,0,0,0,0,0,0,0,0,0,0,33,3,,33,3,,27,82,,,56,94,,,,,,
218725464821904_1930199810341119,https://www.facebook.com/faculdadecn/posts/1930199810341119,"Visita técnica dos alunos da @faculdadecn na @cancaonova ✏️📚🙏🏼 #rtv #faculddadecn #cancaonova #jornalismocn  #alunos",Photo,,,"02/02/2018 03:02:15 AM"," ",921,921,0,1363,1363,0,61,42,68,0,0,1071,713,0,0,56,0,0,0,0,0,0,0,0,0,0,24,2,2,24,2,4,22,33,,,31,37,,,,,,
218725464821904_1929378693756564,https://www.facebook.com/faculdadecn/posts/1929378693756564,"Alunos calouros do curso de Administração de Empresas da @faculdadecn visitam setores da Canção Nova e Fundacao João Paulo II. #faculdadecn #cancaonova #faculdade #vestibular2018 #calouros #administração #adm",Photo,,,"02/01/2018 10:07:46 AM"," ",672,672,0,970,970,0,48,31,47,0,0,911,623,0,0,47,0,0,0,0,0,0,0,0,0,0,20,,,20,,,14,24,,,19,28,,,,,,
218725464821904_1934893283205105,https://www.facebook.com/faculdadecn/posts/1934902193204214,"Desafio Radical FCN - 2018",Photo,,,"01/31/2018 06:00:00 AM"," ",1648,1648,0,2321,2321,0,235,210,404,0,0,2257,1597,0,0,225,0,0,0,0,0,0,0,0,0,0,51,2,1,52,2,2,66,182,,,183,221,,,,,,
218725464821904_1928114090549691,https://www.facebook.com/faculdadecn/posts/1928114090549691,"CALOOOUROOOS
Hoje é dia de Desafio Radical, e você não pode ficar de fora. Muita diversão e espiritualidade estão esperando por você a partir das 17:45 com a Santa missa!
Não se esqueça de vir com uma roupa mais velha (nada de shorts, transparência, branco, saias e vestidos) e trazer um muda de roupa para a volta pra casa, E O MAIS IMPORTANTE: MUITA DISPOSIÇÃO E O CORAÇÃO ABERTO! 😉",Photo,,,"01/31/2018 05:09:37 AM"," ",937,937,0,1349,1349,0,90,68,80,0,0,1156,788,0,0,83,0,0,0,0,0,0,0,0,0,0,33,2,1,37,2,1,63,8,,,72,8,,,,,,
218725464821904_1927971770563923,https://www.facebook.com/faculdadecn/posts/1927971770563923,"Alunos do primeiro ano de Filosofia da @faculdadecn 👏🏼📚✏️ #vestibular2018 #faculdadecn #cancaonova #filosofia",Photo,,,"01/31/2018 02:06:29 AM"," ",639,639,0,935,935,0,59,35,42,0,0,891,600,0,0,58,0,0,0,0,0,0,0,0,0,0,27,,,27,,,15,24,,,15,27,,,,,,
218725464821904_1927200880641012,https://www.facebook.com/faculdadecn/posts/1927200880641012,"Semana de Acolhimento 2018 (29/01)",Photo,,,"01/30/2018 09:13:31 AM"," ",1464,1464,0,2047,2047,0,168,167,318,2,2,1993,1426,0,0,161,0,0,0,0,0,0,0,0,0,0,4,,,12,,,48,155,,,151,167,,,1,1,1,1
218725464821904_1926040640757036,https://www.facebook.com/faculdadecn/posts/1926040640757036,"Já está disponível no Portal FCN o Calendário Acadêmico 2018!

http://www.fcn.edu.br/blog/2018/01/29/calendario-academico-2018/",Link,,,"01/29/2018 08:25:34 AM"," ",613,613,0,890,890,0,47,34,45,0,0,806,548,0,0,44,0,0,0,0,0,0,0,0,0,0,14,2,,14,2,,8,1,28,,9,1,35,,,,,
218725464821904_1925822210778879,https://www.facebook.com/faculdadecn/posts/1925822210778879,"Primeiro Período de Teologia #faculdadecn #cancaonova #teologia",Photo,,,"01/29/2018 04:15:23 AM"," ",1943,1943,0,4477,4477,0,366,217,329,1,2,1446,963,0,0,129,0,0,0,0,0,0,0,0,0,0,218,3,33,239,6,63,117,158,1,,153,175,1,,2,,1,
218725464821904_1925719660789134,https://www.facebook.com/faculdadecn/posts/1925719660789134,,Photo,,,"01/29/2018 01:57:38 AM"," ",683,683,0,996,996,0,29,19,25,1,3,904,615,0,0,26,0,0,0,0,0,0,0,0,0,0,13,1,,13,1,,10,13,1,,11,13,1,,,3,,1
218725464821904_1912792698748497,https://www.facebook.com/faculdadecn/posts/1912792698748497,"Lista dos aprovados no Processo Seletivo - Seleção Simplificada 2018

http://www.fcn.edu.br/blog/2018/01/17/lista-de-aprovados-selecao-simplificada-2018/",Link,,,"01/17/2018 09:59:31 AM"," ",495,495,0,718,718,0,31,27,32,0,0,628,426,0,0,29,0,0,0,0,0,0,0,0,0,0,5,1,,5,1,,4,,25,,4,,28,,,,,
218725464821904_1959430237418076,https://www.facebook.com/faculdadecn/posts/1912476195446814,"Foto da capa de ",Photo,,,"01/17/2018 03:16:21 AM"," ",208,208,0,326,326,0,13,11,15,0,0,271,175,0,0,11,0,0,0,0,0,0,0,0,0,0,3,,,3,,,4,9,,,4,11,,,,,,
218725464821904_1908352662525834,https://www.facebook.com/faculdadecn/posts/1908352662525834,"Hoje é um dia especial 🎉 Está ocorrendo o Processo Seletivo 2018 da @faculdadecn 📝📚 #vestibular2018 #cancaonova #faculdadecn",Photo,,,"01/13/2018 03:18:47 AM"," ",1657,1657,0,2477,2477,0,180,124,175,0,0,2336,1573,0,0,163,0,0,0,0,0,0,0,0,0,0,76,1,5,78,1,7,71,82,,,87,88,,,,,,
218725464821904_1907307679296999,https://www.facebook.com/faculdadecn/posts/1907307679296999,"BOA PROVA!",Photo,,,"01/13/2018 02:01:00 AM"," ",306,306,0,430,430,0,15,9,11,0,0,371,261,0,0,13,0,0,0,0,0,0,0,0,0,0,7,1,,7,1,,3,7,,,4,7,,,,,,
218725464821904_1907306809297086,https://www.facebook.com/faculdadecn/posts/1907306809297086,"É amanhã galera!!!",Photo,,,"01/12/2018 03:00:00 AM"," ",237,237,0,365,365,0,12,6,6,0,0,328,209,0,0,12,0,0,0,0,0,0,0,0,0,0,7,,1,7,,1,3,3,,,3,3,,,,,,
218725464821904_1906300432731057,https://www.facebook.com/faculdadecn/posts/1906300432731057,"Hoje é o último dia de inscrição do Processo Seletivo 2018 da Faculdade Canção Nova! 
Inscreva-se: http://www.fcn.edu.br/blog/2017/09/27/processo-seletivo-2018/?preview_id=10419&amp;preview_nonce=0d5f916098&amp;_thumbnail_id=-1&amp;preview=true",Link,,,"01/11/2018 06:00:00 AM"," ",348,348,0,539,539,0,15,3,6,0,0,358,224,0,0,12,0,0,0,0,0,0,0,0,0,0,10,2,1,10,2,1,2,,2,,4,,2,,,,,
218725464821904_1872736396087461,https://www.facebook.com/faculdadecn/posts/1872736396087461,,Photo,,,"01/11/2018 03:30:01 AM"," ",360,360,0,498,498,0,10,4,5,0,0,445,319,0,0,9,0,0,0,0,0,0,0,0,0,0,6,1,,6,1,,1,4,,,1,4,,,,,,
218725464821904_1891926057501828,https://www.facebook.com/faculdadecn/posts/1891926057501828,"Processo Seletivo – Seleção Simplificada 2018
 

Período de Inscrições: 01/12/2017 as 00:00 até 11/01/2018 as 23:59.

AMANHÃ É O ÚLTIMO DIA DE INSCRIÇÃO :)",Photo,,,"01/10/2018 02:00:00 AM"," ",1187,1187,0,1791,1791,0,73,40,48,0,0,1478,956,0,0,57,0,0,0,0,0,0,0,0,0,0,33,3,10,33,3,13,32,12,,,36,12,,,,,,
218725464821904_1872739496087151,https://www.facebook.com/faculdadecn/posts/1872739496087151,"Inscreva-se: www.fcn.edu.br",Photo,,,"01/09/2018 03:33:00 AM"," ",383,383,0,548,548,0,13,8,9,0,0,476,330,0,0,9,0,0,0,0,0,0,0,0,0,0,6,1,1,6,1,1,5,4,,,5,4,,,,,,
218725464821904_1891764670851300,https://www.facebook.com/faculdadecn/posts/1891764670851300,"O processo seletivo está chegando, fique por dentro de toda as informações acessando o Portal da Faculdade Canção Nova.

http://www.fcn.edu.br/",,,,"01/08/2018 05:38:00 AM"," ",270,270,0,402,402,0,8,4,4,0,0,353,233,0,0,6,0,0,0,0,0,0,0,0,0,0,3,1,,3,1,,2,,2,,2,,2,,,,,
218725464821904_1872736862754081,https://www.facebook.com/faculdadecn/posts/1872736862754081,,Photo,,,"01/05/2018 03:30:00 AM"," ",280,280,0,413,413,0,11,6,7,0,0,357,242,0,0,10,0,0,0,0,0,0,0,0,0,0,6,1,,6,1,,2,4,,,2,5,,,,,,
218725464821904_1891762260851541,https://www.facebook.com/faculdadecn/posts/1891762260851541,"Processo Seletivo – Seleção Simplificada 2018
 

Período de Inscrições: 01/12/2017 as 00:00 até 11/01/2018 as 23:59.
 

Data da prova: 13 de Janeiro
 

 

Cursos: Administração, Rádio e TV, Jornalismo, Teologia e Filosofia.
 

 

Local: Faculdade canção Nova
Rua: Carlos Pinto Filho, Vila Cacarro – Cachoeira Paulista",Status,,,"01/04/2018 06:00:00 AM"," ",481,481,0,755,755,0,34,33,37,0,0,689,438,0,0,34,0,0,0,0,0,0,0,0,0,0,1,1,,1,1,,33,,,,37,,,,,,,
218725464821904_1872738839420550,https://www.facebook.com/faculdadecn/posts/1872738839420550,"Eai, já fez a sua inscrição para o Vestibular 2018 da Faculdade Canção Nova?
Inscreva-se: www.fcn.edu.br",Photo,,,"01/03/2018 03:32:01 AM"," ",463,463,0,628,628,0,9,4,4,0,0,530,387,0,0,9,0,0,0,0,0,0,0,0,0,0,3,2,,3,2,,3,,1,,3,,1,,,,,
218725464821904_1891761134184987,https://www.facebook.com/faculdadecn/posts/1891761134184987,"Confira o Processo Seletivo 2018 - Seleção Simplificada!

http://www.fcn.edu.br/blog/2017/09/27/processo-seletivo-2018/",Link,,,"01/02/2018 05:34:00 AM"," ",731,731,0,1069,1069,0,32,15,17,0,0,900,599,0,0,30,0,0,0,0,0,0,0,0,0,0,18,3,1,18,3,1,11,,6,,11,,6,,,,,
